ano_analise,unidade_analise,variavel,model,c0,c0_c1,a,gde,rss,r2
2016,POT,Ca,Sph,0.0827,0.1381,0.02,0.5988414192614048,92226.6071,0.3505038379899719
