ano_analise,unidade_analise,variavel,model,c0,c0_c1,a,gde,rss,r2
2016,POT,m%,Exp,0.5491,1.0464,0.04,0.5247515290519879,3978503.3091,0.856099824277081
