ano_analise,unidade_analise,variavel,model,c0,c0_c1,a,gde,rss,r2
2016,CAT,TCH,Gau,189.2399,523.1079,0.01,0.36176073808099635,56704946421920.65,0.45882953393990095
