ano_analise,unidade_analise,variavel,model,c0,c0_c1,a,gde,rss,r2
2016,CAT,Ca,Exp,0.0527,0.0974,0.02,0.5410677618069815,2951.8969,0.8925714369397251
