ano_analise,unidade_analise,variavel,model,c0,c0_c1,a,gde,rss,r2
2016,CAT,m%,Exp,0.3989,0.6781,0.03,0.588261318389618,360178.4933,0.8599796044645488
